--
-- PostgreSQL database dump
--

-- Dumped from database version 17.4
-- Dumped by pg_dump version 17.4

SET statement_timeout = 0;
SET lock_timeout = 0;
SET idle_in_transaction_session_timeout = 0;
SET transaction_timeout = 0;
SET client_encoding = 'UTF8';
SET standard_conforming_strings = on;
SELECT pg_catalog.set_config('search_path', '', false);
SET check_function_bodies = false;
SET xmloption = content;
SET client_min_messages = warning;
SET row_security = off;

SET default_tablespace = '';

SET default_table_access_method = heap;

--
-- Name: author; Type: TABLE; Schema: public; Owner: postgres
--

CREATE TABLE public.author (
    id bigint NOT NULL,
    name character varying(255)
);


ALTER TABLE public.author OWNER TO postgres;

--
-- Name: author_id_seq; Type: SEQUENCE; Schema: public; Owner: postgres
--

ALTER TABLE public.author ALTER COLUMN id ADD GENERATED BY DEFAULT AS IDENTITY (
    SEQUENCE NAME public.author_id_seq
    START WITH 1
    INCREMENT BY 1
    NO MINVALUE
    NO MAXVALUE
    CACHE 1
);


--
-- Name: authors; Type: TABLE; Schema: public; Owner: postgres
--

CREATE TABLE public.authors (
    id bigint NOT NULL,
    name character varying(255) NOT NULL
);


ALTER TABLE public.authors OWNER TO postgres;

--
-- Name: authors_id_seq; Type: SEQUENCE; Schema: public; Owner: postgres
--

ALTER TABLE public.authors ALTER COLUMN id ADD GENERATED BY DEFAULT AS IDENTITY (
    SEQUENCE NAME public.authors_id_seq
    START WITH 1
    INCREMENT BY 1
    NO MINVALUE
    NO MAXVALUE
    CACHE 1
);


--
-- Name: book; Type: TABLE; Schema: public; Owner: postgres
--

CREATE TABLE public.book (
    isbn character varying(255) NOT NULL,
    price double precision NOT NULL,
    stock_quantity integer NOT NULL,
    title character varying(255),
    author_id bigint
);


ALTER TABLE public.book OWNER TO postgres;

--
-- Name: books; Type: TABLE; Schema: public; Owner: postgres
--

CREATE TABLE public.books (
    id bigint NOT NULL,
    isbn character varying(255) NOT NULL,
    price double precision NOT NULL,
    stock_quantity integer NOT NULL,
    title character varying(255) NOT NULL,
    author_id bigint NOT NULL
);


ALTER TABLE public.books OWNER TO postgres;

--
-- Name: books_id_seq; Type: SEQUENCE; Schema: public; Owner: postgres
--

ALTER TABLE public.books ALTER COLUMN id ADD GENERATED BY DEFAULT AS IDENTITY (
    SEQUENCE NAME public.books_id_seq
    START WITH 1
    INCREMENT BY 1
    NO MINVALUE
    NO MAXVALUE
    CACHE 1
);


--
-- Name: order_items; Type: TABLE; Schema: public; Owner: postgres
--

CREATE TABLE public.order_items (
    id bigint NOT NULL,
    price double precision NOT NULL,
    quantity integer NOT NULL,
    book_id bigint,
    order_id bigint
);


ALTER TABLE public.order_items OWNER TO postgres;

--
-- Name: order_items_id_seq; Type: SEQUENCE; Schema: public; Owner: postgres
--

ALTER TABLE public.order_items ALTER COLUMN id ADD GENERATED BY DEFAULT AS IDENTITY (
    SEQUENCE NAME public.order_items_id_seq
    START WITH 1
    INCREMENT BY 1
    NO MINVALUE
    NO MAXVALUE
    CACHE 1
);


--
-- Name: orders; Type: TABLE; Schema: public; Owner: postgres
--

CREATE TABLE public.orders (
    id bigint NOT NULL,
    order_date timestamp(6) without time zone,
    total_price double precision NOT NULL,
    user_id bigint,
    username character varying(255),
    isbn character varying(255),
    title character varying(255)
);


ALTER TABLE public.orders OWNER TO postgres;

--
-- Name: orders_id_seq; Type: SEQUENCE; Schema: public; Owner: postgres
--

ALTER TABLE public.orders ALTER COLUMN id ADD GENERATED BY DEFAULT AS IDENTITY (
    SEQUENCE NAME public.orders_id_seq
    START WITH 1
    INCREMENT BY 1
    NO MINVALUE
    NO MAXVALUE
    CACHE 1
);


--
-- Name: users; Type: TABLE; Schema: public; Owner: postgres
--

CREATE TABLE public.users (
    id bigint NOT NULL,
    email character varying(255) NOT NULL,
    password character varying(255) NOT NULL,
    role character varying(255) NOT NULL,
    username character varying(255) NOT NULL,
    CONSTRAINT users_role_check CHECK (((role)::text = ANY ((ARRAY['ADMIN'::character varying, 'MANAGER'::character varying, 'CUSTOMER'::character varying])::text[])))
);


ALTER TABLE public.users OWNER TO postgres;

--
-- Name: users_id_seq; Type: SEQUENCE; Schema: public; Owner: postgres
--

ALTER TABLE public.users ALTER COLUMN id ADD GENERATED BY DEFAULT AS IDENTITY (
    SEQUENCE NAME public.users_id_seq
    START WITH 1
    INCREMENT BY 1
    NO MINVALUE
    NO MAXVALUE
    CACHE 1
);


--
-- Data for Name: author; Type: TABLE DATA; Schema: public; Owner: postgres
--

COPY public.author (id, name) FROM stdin;
\.


--
-- Data for Name: authors; Type: TABLE DATA; Schema: public; Owner: postgres
--

COPY public.authors (id, name) FROM stdin;
2	George R.R. Martin
3	Haruki Murakami
4	kamlesh chavan
5	John Doenssss
6	kkkkkk
7	shurveer
8	urarebad
9	Pastryfff
1	k.k cooking
\.


--
-- Data for Name: book; Type: TABLE DATA; Schema: public; Owner: postgres
--

COPY public.book (isbn, price, stock_quantity, title, author_id) FROM stdin;
\.


--
-- Data for Name: books; Type: TABLE DATA; Schema: public; Owner: postgres
--

COPY public.books (id, isbn, price, stock_quantity, title, author_id) FROM stdin;
10	978-1617294945	899	20	Spring in Action	2
11	978-0596009205	599	11	Head First Java	4
12	978-1491950357	999	1	Building Microservices	4
13	978-1787125933	749	2	Mastering Spring Boot	4
17	978-04547350884	499	10	Clean Codesss	1
22	978-02311884	4999	102	Cleansss Codesss	2
26	978-044	999	102	rrrr Codesss	2
27	345	888	8	rtyuio	4
28	2345333	5000	20	from front end	4
29	65456	5454	5	checking 2	4
30	5555	5784	5	checking again	4
35	5784	8520	20	5455555	3
36	2457	50000	50	4565454	1
37	788787	5454	54	rtfyguio	2
38	7878474	852	8	dfghj	1
39	2345654	80	8	dfghjhgf	4
40	74582	100	20	546789	2
\.


--
-- Data for Name: order_items; Type: TABLE DATA; Schema: public; Owner: postgres
--

COPY public.order_items (id, price, quantity, book_id, order_id) FROM stdin;
9	999	10	26	\N
10	599	1	11	\N
11	749	2	13	\N
14	4999	250	22	14
15	20000	50	11	15
\.


--
-- Data for Name: orders; Type: TABLE DATA; Schema: public; Owner: postgres
--

COPY public.orders (id, order_date, total_price, user_id, username, isbn, title) FROM stdin;
10	2025-05-16 04:32:08.724485	599	1	kkkc	\N	\N
12	2025-05-16 05:04:33.732393	999.98	1	kkkc	\N	\N
8	2025-05-16 04:09:38.69446	999.98	1	kkkc	\N	\N
9	2025-05-16 04:14:49.273234	9990	1	kkkc	\N	\N
11	2025-05-16 04:32:20.949655	1498	1	kkkc	\N	\N
13	2025-05-16 05:18:41.363873	500	1	kkkc	\N	\N
14	2025-05-16 10:18:29.383466	1249750	2	user	\N	\N
15	2025-05-16 15:32:32.428881	1000000	1	kkkc	\N	\N
\.


--
-- Data for Name: users; Type: TABLE DATA; Schema: public; Owner: postgres
--

COPY public.users (id, email, password, role, username) FROM stdin;
1	kbc28542@gmail.com	$2a$10$y97S4mqhr.RgJTC3/4KkHOVxoRK87RVIGGDyQpl8/68GIXrEHIDmm	ADMIN	kkkc
2	kamleshchavan479@gmail.com	$2a$10$KouEx59SgkeRcA7bnvUbxeP3EelfQmi6BNEXHXfYxGZ6syzaYBccy	CUSTOMER	user
8	kbc28@gmail.com	$2a$10$cyITFFSGvmmQnZHy3iM3Nu.Lz4JoWOWKqT/MSOQV.Sd1miQsd3PnC	MANAGER	kamlesh
\.


--
-- Name: author_id_seq; Type: SEQUENCE SET; Schema: public; Owner: postgres
--

SELECT pg_catalog.setval('public.author_id_seq', 1, false);


--
-- Name: authors_id_seq; Type: SEQUENCE SET; Schema: public; Owner: postgres
--

SELECT pg_catalog.setval('public.authors_id_seq', 9, true);


--
-- Name: books_id_seq; Type: SEQUENCE SET; Schema: public; Owner: postgres
--

SELECT pg_catalog.setval('public.books_id_seq', 40, true);


--
-- Name: order_items_id_seq; Type: SEQUENCE SET; Schema: public; Owner: postgres
--

SELECT pg_catalog.setval('public.order_items_id_seq', 15, true);


--
-- Name: orders_id_seq; Type: SEQUENCE SET; Schema: public; Owner: postgres
--

SELECT pg_catalog.setval('public.orders_id_seq', 15, true);


--
-- Name: users_id_seq; Type: SEQUENCE SET; Schema: public; Owner: postgres
--

SELECT pg_catalog.setval('public.users_id_seq', 8, true);


--
-- Name: author author_pkey; Type: CONSTRAINT; Schema: public; Owner: postgres
--

ALTER TABLE ONLY public.author
    ADD CONSTRAINT author_pkey PRIMARY KEY (id);


--
-- Name: authors authors_pkey; Type: CONSTRAINT; Schema: public; Owner: postgres
--

ALTER TABLE ONLY public.authors
    ADD CONSTRAINT authors_pkey PRIMARY KEY (id);


--
-- Name: book book_pkey; Type: CONSTRAINT; Schema: public; Owner: postgres
--

ALTER TABLE ONLY public.book
    ADD CONSTRAINT book_pkey PRIMARY KEY (isbn);


--
-- Name: books books_pkey; Type: CONSTRAINT; Schema: public; Owner: postgres
--

ALTER TABLE ONLY public.books
    ADD CONSTRAINT books_pkey PRIMARY KEY (id);


--
-- Name: order_items order_items_pkey; Type: CONSTRAINT; Schema: public; Owner: postgres
--

ALTER TABLE ONLY public.order_items
    ADD CONSTRAINT order_items_pkey PRIMARY KEY (id);


--
-- Name: orders orders_pkey; Type: CONSTRAINT; Schema: public; Owner: postgres
--

ALTER TABLE ONLY public.orders
    ADD CONSTRAINT orders_pkey PRIMARY KEY (id);


--
-- Name: users uk6dotkott2kjsp8vw4d0m25fb7; Type: CONSTRAINT; Schema: public; Owner: postgres
--

ALTER TABLE ONLY public.users
    ADD CONSTRAINT uk6dotkott2kjsp8vw4d0m25fb7 UNIQUE (email);


--
-- Name: books ukkibbepcitr0a3cpk3rfr7nihn; Type: CONSTRAINT; Schema: public; Owner: postgres
--

ALTER TABLE ONLY public.books
    ADD CONSTRAINT ukkibbepcitr0a3cpk3rfr7nihn UNIQUE (isbn);


--
-- Name: users ukr43af9ap4edm43mmtq01oddj6; Type: CONSTRAINT; Schema: public; Owner: postgres
--

ALTER TABLE ONLY public.users
    ADD CONSTRAINT ukr43af9ap4edm43mmtq01oddj6 UNIQUE (username);


--
-- Name: users users_pkey; Type: CONSTRAINT; Schema: public; Owner: postgres
--

ALTER TABLE ONLY public.users
    ADD CONSTRAINT users_pkey PRIMARY KEY (id);


--
-- Name: orders fk32ql8ubntj5uh44ph9659tiih; Type: FK CONSTRAINT; Schema: public; Owner: postgres
--

ALTER TABLE ONLY public.orders
    ADD CONSTRAINT fk32ql8ubntj5uh44ph9659tiih FOREIGN KEY (user_id) REFERENCES public.users(id);


--
-- Name: order_items fkbioxgbv59vetrxe0ejfubep1w; Type: FK CONSTRAINT; Schema: public; Owner: postgres
--

ALTER TABLE ONLY public.order_items
    ADD CONSTRAINT fkbioxgbv59vetrxe0ejfubep1w FOREIGN KEY (order_id) REFERENCES public.orders(id);


--
-- Name: books fkfjixh2vym2cvfj3ufxj91jem7; Type: FK CONSTRAINT; Schema: public; Owner: postgres
--

ALTER TABLE ONLY public.books
    ADD CONSTRAINT fkfjixh2vym2cvfj3ufxj91jem7 FOREIGN KEY (author_id) REFERENCES public.authors(id);


--
-- Name: order_items fki4ptndslo2pyfp9r1x0eulh9g; Type: FK CONSTRAINT; Schema: public; Owner: postgres
--

ALTER TABLE ONLY public.order_items
    ADD CONSTRAINT fki4ptndslo2pyfp9r1x0eulh9g FOREIGN KEY (book_id) REFERENCES public.books(id);


--
-- Name: book fkklnrv3weler2ftkweewlky958; Type: FK CONSTRAINT; Schema: public; Owner: postgres
--

ALTER TABLE ONLY public.book
    ADD CONSTRAINT fkklnrv3weler2ftkweewlky958 FOREIGN KEY (author_id) REFERENCES public.author(id);


--
-- PostgreSQL database dump complete
--

